ID,Starts,Ends,Domain
pepstatin-pepB(leu),616,797,LAYVMYTSGSTGRPKGVLVEHHALANLVAWHRAEFGIGPGDRCTLVAAPGFDASVWETWSALTAGATVEVPSAETVLSPSELRSWLIERGITSAFLPTPLLERMLQEPWPAASALRSVLTGGDRLHGTGRNPLPFRLVNNYGPTENTVVATSGTVPADGGERDTLPGIGRPVTGTEAYVLD
pepstatin-pepD(ala),630,819,LAYVIHTSGSTGAPKAVGVPHRGLANRIRGIQDTHGLDTTDRVLHKTPVTFDVSLWELLWPLTVGATLVVAAPGGHRDPTYLVELIERERVTTVHFVPPLLAAFLEEPGLHRCASLRRVLCSGQELPRATRDRCLERLPARLFNAYGPTEASIEVTEEECAPKATGGGAPDPRVSIGRPIAGAEVYVLD
pepstatin-pepG-SA(val),145,356,PAYVIYTSGSSGDPKGVEVSHRNVTALLAACDRVFALRGDDVWTLFHSPCFDFSVWEMWGALAHGAKLVVVPAEVARSPEATLDLVVSEGVTVLNQVPSVFRYLSRSAVARAEDTADRPATALRYVIFGGEPVDVDAVRAWRALHGTRTEFFNMYGITETTVFATCRRLPESEIDPRPTTAPDAPAPTGTTADPELNIGRPLDGFEVVLLD
syrilipamide-nrps(leu-ser-hse-val-bala-ser),612,789,LAYVIYTSGSTGQPKGVMIEHRNLVNLVAWHCEAFGLTHRKRVSSVAGVGFDACVWELWPALCVGASLSLLPGQALGNDVDALLGWWRRQDLDVSFLPTPIAEIAFAQGIEPASLQTLLIGGDRLRQFPNPDSRVALINNYGPTETTVVATSGLIDATQSVLHIGRPIANTQVYLLD
syrilipamide-nrps(leu-ser-hse-val-bala-ser),1663,1848,LAYVIYTSGSTGQPKGVMIEHRAIVNRLLWAQDQYRLSREDRVLQKTPFGFDVSVWEFFLPLLAGAQLVIARPGGHQDPEYLAELIADSGVTILHFVPSMLQSFLNQSGPLACSTLRQVFCSGEALPYSLQKHFEQRFAHVQLHNLYGPTEAAVDVTYWHCVPDLHAGIVPIGRPVANTRMYLLD
syrilipamide-nrps(leu-ser-hse-val-bala-ser),2745,2929,LAYVIYTSGSSGQPKGVLIEQRGFLNLMHWYLAELKLASDDAVLLVSSYSFDLTQKNILGPLLVGGTLHLAREAFIPEVLLEQIQRERITHINLSPSAFNTLIDANDSRQLDSIRRVVLGGEPIQVARLEMLPEPRPEFINSYGPTECSDVVAWHRLVDDIDCYRSSVFPIGRPIANTRIYLLD
syrilipamide-nrps(leu-ser-hse-val-bala-ser),3814,3999,PAYVMYTSGSSGVPKGVLIEHRSVLRLVINNPYARITTEDCVAHGANTAFDASTWEIWSALLNGAKLLVVSQATLLNAARLNHVLIEGGVTALWLTAGLFNEYVDVLAAAFSRLRYLLVGGDVLDPVSVAKVLSRAHRPRHLINGYGPTETTTFASTYEIHALSDNSRSIPIGRPIGNTRIYLLD
syrilipamide-nrps(leu-ser-hse-val-bala-ser),4879,5065,LAYVIYTSGSSGKPKGVGGPHQAMVNRLYWMHNTFGGQRLEKHAQKTSISFLDSVTETLMPLLFGAQLHIVSPLASRDPLQLWQAVTEHQLTRLVLVPSLLEELSRIENRQVSPEKRLIVCSGEVFSSSLLARTRAWLPSATILNFYGSSEAAGDSTFYLCDSAVQAGHSLPIGRPIANTRIYLLD
syrilipamide-nrps(leu-ser-hse-val-bala-ser),5941,6126,LAYVIYTSGSTGKPKGVANQHDGVVNRLWWAQSEYRIGADDRVLQKTPFGFDVSVWEIFLPLLAGAQLVMARPGGHQDPHYLMEVIERRSISMLHFVPSMLQAFVNQTPAGRCSTLKRVLCSGEALPHALLLQGQAHFPKSELHNLYGPTEAAIDVTAWHYVAEQDIGIVPIGRPIANTQIYLLD
