sequence,pred,score
LAYVMYTSGSTGRPKGVLVEHHALANLVAWHRAEFGIGPGDRCTLVAAPGFDASVWETWSALTAGATVEVPSAETVLSPSELRSWLIERGITSAFLPTPLLERMLQEPWPAASALRSVLTGGDRLHGTGRNPLPFRLVNNYGPTENTVVATSGTVPADGGERDTLPGIGRPVTGTEAYVLD,gln,0.9978461265563965
AQLAGRTGQLARHLAAHGAAADTPVAVCLPRGTGLVTSVLAVMASGSAYLPLSPEDPPARLVRMLRAAGAAHILTTRELAPVLADAGVPVTAVDTF,gly,0.14837664365768433
LAYVIHTSGSTGAPKAVGVPHRGLANRIRGIQDTHGLDTTDRVLHKTPVTFDVSLWELLWPLTVGATLVVAAPGGHRDPTYLVELIERERVTTVHFVPPLLAAFLEEPGLHRCASLRRVLCSGQELPRATRDRCLERLPARLFNAYGPTEASIEVTEEECAPKATGGGAPDPRVSIGRPIAGAEVYVLD,asp,0.5783193707466125
PAYVIYTSGSSGDPKGVEVSHRNVTALLAACDRVFALRGDDVWTLFHSPCFDFSVWEMWGALAHGAKLVVVPAEVARSPEATLDLVVSEGVTVLNQVPSVFRYLSRSAVARAEDTADRPATALRYVIFGGEPVDVDAVRAWRALHGTRTEFFNMYGITETTVFATCRRLPESEIDPRPTTAPDAPAPTGTTADPELNIGRPLDGFEVVLLD,tyr,0.9704796671867371
LAYVIYTSGSTGQPKGVMIEHRNLVNLVAWHCEAFGLTHRKRVSSVAGVGFDACVWELWPALCVGASLSLLPGQALGNDVDALLGWWRRQDLDVSFLPTPIAEIAFAQGIEPASLQTLLIGGDRLRQFPNPDSRVALINNYGPTETTVVATSGLIDATQSVLHIGRPIANTQVYLLD,gln,0.9995958209037781
LAYVIYTSGSTGQPKGVMIEHRAIVNRLLWAQDQYRLSREDRVLQKTPFGFDVSVWEFFLPLLAGAQLVIARPGGHQDPEYLAELIADSGVTILHFVPSMLQSFLNQSGPLACSTLRQVFCSGEALPYSLQKHFEQRFAHVQLHNLYGPTEAAVDVTYWHCVPDLHAGIVPIGRPVANTRMYLLD,asn,0.9995607733726501
LAYVIYTSGSSGQPKGVLIEQRGFLNLMHWYLAELKLASDDAVLLVSSYSFDLTQKNILGPLLVGGTLHLAREAFIPEVLLEQIQRERITHINLSPSAFNTLIDANDSRQLDSIRRVVLGGEPIQVARLEMLPEPRPEFINSYGPTECSDVVAWHRLVDDIDCYRSSVFPIGRPIANTRIYLLD,ketoval,0.9990946054458618
ELNARANRLAHYLIGLGIQPDDRVAICAQRSLEMVVGLLGILKAGGAYVPLDHGYPSERLRYMLEDSAPVAVLVQAALQECLPAVNVPQVVLDSVDL,gln,0.7626356482505798
PAYVMYTSGSSGVPKGVLIEHRSVLRLVINNPYARITTEDCVAHGANTAFDASTWEIWSALLNGAKLLVVSQATLLNAARLNHVLIEGGVTALWLTAGLFNEYVDVLAAAFSRLRYLLVGGDVLDPVSVAKVLSRAHRPRHLINGYGPTETTTFASTYEIHALSDNSRSIPIGRPIGNTRIYLLD,tyr,0.9992952346801758
LAYVIYTSGSSGKPKGVGGPHQAMVNRLYWMHNTFGGQRLEKHAQKTSISFLDSVTETLMPLLFGAQLHIVSPLASRDPLQLWQAVTEHQLTRLVLVPSLLEELSRIENRQVSPEKRLIVCSGEVFSSSLLARTRAWLPSATILNFYGSSEAAGDSTFYLCDSAVQAGHSLPIGRPIANTRIYLLD,hty,0.999482274055481
LAYVIYTSGSTGKPKGVANQHDGVVNRLWWAQSEYRIGADDRVLQKTPFGFDVSVWEIFLPLLAGAQLVMARPGGHQDPHYLMEVIERRSISMLHFVPSMLQAFVNQTPAGRCSTLKRVLCSGEALPHALLLQGQAHFPKSELHNLYGPTEAAIDVTAWHYVAEQDIGIVPIGRPIANTQIYLLD,asn,0.9993671774864197
