ID,Domain,Top-1(score),Top-2(score),Top-3(score)
pepstatin-pepB(leu),LAYVMYTSGSTGRPKGVLVEHHALANLVAWHRAEFGIGPGDRCTLVAAPGFDASVWETWSALTAGATVEVPSAETVLSPSELRSWLIERGITSAFLPTPLLERMLQEPWPAASALRSVLTGGDRLHGTGRNPLPFRLVNNYGPTENTVVATSGTVPADGGERDTLPGIGRPVTGTEAYVLD,gln(0.9978),ser(0.0011),hty(0.000151)
pepstatin-pepD(ala),LAYVIHTSGSTGAPKAVGVPHRGLANRIRGIQDTHGLDTTDRVLHKTPVTFDVSLWELLWPLTVGATLVVAAPGGHRDPTYLVELIERERVTTVHFVPPLLAAFLEEPGLHRCASLRRVLCSGQELPRATRDRCLERLPARLFNAYGPTEASIEVTEEECAPKATGGGAPDPRVSIGRPIAGAEVYVLD,asp(0.5783),asn(0.3875),salicylate(0.0146)
pepstatin-pepG-SA(val),PAYVIYTSGSSGDPKGVEVSHRNVTALLAACDRVFALRGDDVWTLFHSPCFDFSVWEMWGALAHGAKLVVVPAEVARSPEATLDLVVSEGVTVLNQVPSVFRYLSRSAVARAEDTADRPATALRYVIFGGEPVDVDAVRAWRALHGTRTEFFNMYGITETTVFATCRRLPESEIDPRPTTAPDAPAPTGTTADPELNIGRPLDGFEVVLLD,tyr(0.9705),ser(0.007952),cys(0.006917)
syrilipamide-nrps(leu-ser-hse-val-bala-ser),LAYVIYTSGSTGQPKGVMIEHRNLVNLVAWHCEAFGLTHRKRVSSVAGVGFDACVWELWPALCVGASLSLLPGQALGNDVDALLGWWRRQDLDVSFLPTPIAEIAFAQGIEPASLQTLLIGGDRLRQFPNPDSRVALINNYGPTETTVVATSGLIDATQSVLHIGRPIANTQVYLLD,gln(0.9996),arg(8.013e-05),ser(6.634e-05)
syrilipamide-nrps(leu-ser-hse-val-bala-ser),LAYVIYTSGSTGQPKGVMIEHRAIVNRLLWAQDQYRLSREDRVLQKTPFGFDVSVWEFFLPLLAGAQLVIARPGGHQDPEYLAELIADSGVTILHFVPSMLQSFLNQSGPLACSTLRQVFCSGEALPYSLQKHFEQRFAHVQLHNLYGPTEAAVDVTYWHCVPDLHAGIVPIGRPVANTRMYLLD,asn(0.9996),thr(9.486e-05),dpg(5.091e-05)
syrilipamide-nrps(leu-ser-hse-val-bala-ser),LAYVIYTSGSSGQPKGVLIEQRGFLNLMHWYLAELKLASDDAVLLVSSYSFDLTQKNILGPLLVGGTLHLAREAFIPEVLLEQIQRERITHINLSPSAFNTLIDANDSRQLDSIRRVVLGGEPIQVARLEMLPEPRPEFINSYGPTECSDVVAWHRLVDDIDCYRSSVFPIGRPIANTRIYLLD,ketoval(0.9991),ile(0.0003878),asp(0.0001611)
syrilipamide-nrps(leu-ser-hse-val-bala-ser),PAYVMYTSGSSGVPKGVLIEHRSVLRLVINNPYARITTEDCVAHGANTAFDASTWEIWSALLNGAKLLVVSQATLLNAARLNHVLIEGGVTALWLTAGLFNEYVDVLAAAFSRLRYLLVGGDVLDPVSVAKVLSRAHRPRHLINGYGPTETTTFASTYEIHALSDNSRSIPIGRPIGNTRIYLLD,tyr(0.9993),thr(0.0001588),gln(0.0001202)
syrilipamide-nrps(leu-ser-hse-val-bala-ser),LAYVIYTSGSSGKPKGVGGPHQAMVNRLYWMHNTFGGQRLEKHAQKTSISFLDSVTETLMPLLFGAQLHIVSPLASRDPLQLWQAVTEHQLTRLVLVPSLLEELSRIENRQVSPEKRLIVCSGEVFSSSLLARTRAWLPSATILNFYGSSEAAGDSTFYLCDSAVQAGHSLPIGRPIANTRIYLLD,hty(0.9995),pipecolate(9.405e-05),paba(4.938e-05)
syrilipamide-nrps(leu-ser-hse-val-bala-ser),LAYVIYTSGSTGKPKGVANQHDGVVNRLWWAQSEYRIGADDRVLQKTPFGFDVSVWEIFLPLLAGAQLVMARPGGHQDPHYLMEVIERRSISMLHFVPSMLQAFVNQTPAGRCSTLKRVLCSGEALPHALLLQGQAHFPKSELHNLYGPTEAAIDVTAWHYVAEQDIGIVPIGRPIANTQIYLLD,asn(0.9994),hty(0.000153),asp(7.284e-05)
